f0,f1
-0.501614696993855,0.15215063912222393
0.8827635395143478,0.40369303996805167
-0.19729407832806536,0.19216235917919636
-0.14287730897810208,0.4554108762041928
1.9594419323502614,1.4459398747538756
1.611660669616082,1.244645911558077
1.917475435642855,0.6307365618213674
2.4152839667207306,1.3530914757998134
2.4059331261487413,2.6539848811494196
2.852680857481889,0.7220716157642103
1.2603245855077043,2.3547372051018614
2.7195552743426643,0.9399396576021444
1.6717471483501156,1.2107241296910098
2.5544852582122877,1.6292866960926458
1.4777077729227368,2.4134662929935944
2.4551959149533182,2.8809591549886666
3.618743243608511,3.4928092799871826
2.5231081014633023,1.0801621323442059
1.7200169013116093,1.486306838224485
2.17950982613963,2.314651876821472
2.932031566417189,1.1486177890926181
-0.6343254195433767,-3.6123923521417294
-0.5773902060774154,-2.1820670064464895
0.16260916055846333,-3.7696313207514605
-4.10096685718411,-3.4419320329021805
-3.368702406066232,-2.291664739312142
-0.09675670112825707,-0.41242856661121097
-0.11218715019062235,0.9660280610466182
0.03626435977677641,0.2944074978954736
-0.7803245916003269,-0.41999014875096036
-0.5399268508754465,0.42837801209649373
0.762231110297853,0.35825707589686173
0.07416143852476179,-1.7141087857980526
0.15852532688076967,-3.6723708789461678
-1.2378595588505077,-3.017926476274549
-0.22560594531103131,-2.116805520125081
-0.02302927919446497,-2.6728599141000284
0.7259364887564667,-0.5072004109831202
0.07257218436387061,-0.38685733579100684
3.052595755902388,0.8025015994113286
2.5982191610322767,1.7913951831079977
-0.28989375875298884,-3.4310245828954544
-2.544442266452023,-2.120647652376887
-1.9731685234216987,-3.1784032210944506
-4.288368332215302,-3.696587338902734
-3.9265022527805953,-3.286100273794639
0.5355607783264629,1.1327180909552703
-1.5558247795263778,0.9590435123402863
0.05750509541123111,0.13730181532599173
0.9819713713369103,0.9798870913762167
-0.018651530956046734,0.12107528402499616
-0.15119719604266904,-0.06636554902314537
0.5370906409852032,-0.902186049370297
-1.424845036812932,0.31421561143070265
2.3929397921084865,3.3455600180271023
1.4042327776555636,3.184570738707605
2.498842071323442,1.9699951773001174
2.8824959595169033,1.7242647590458304
-0.427371071662471,-2.1761423174050494
-1.1252391629880971,-2.0986705577610425
0.027429651501731687,-1.7839417278997889
0.4001603805387537,-2.323327080103188
0.4762950443770081,-2.2980141315941562
-0.1291060753179173,-5.3700726253945446
0.07265424270493742,-3.233726225743385
0.16804531954417692,-2.8710070629999094
-0.9229566221806401,-2.7656524397083517
-2.9122525549019627,-2.8948460919826022
-2.977190071445483,-2.9002169470151684
-2.4121897924622853,-3.3255177886665073
-2.597515820927635,-2.9333379180144097
-2.7665354111828426,-2.4535754865291253
-2.960695652213693,-2.959052239016566
-0.3916720290357707,-0.9810315226102327
-0.9723855745664222,-0.38995449211746147
-0.34233883897326917,0.23517417991543163
-0.46100489251821886,-0.456558929782067
-0.12406759882616959,-0.13538006514950668
0.9702826889412025,0.9347072948414157
-0.7697415046470908,0.42563260340043685
0.3011853883785613,1.3450249421568565
0.619405841867917,0.4130859276077745
1.291422902623165,1.942859938450309
1.1584795390275904,1.421560194929919
2.591932153991798,1.4318975599250465
2.003926168907134,1.6094043066308883
2.5270305156585664,2.8852839679359885
1.0840793927762817,1.5597724334243825
0.8431048365060421,1.916947135119857
1.5654333577980661,0.1797825458754816
2.102581817887749,1.5201713665876548
2.963479544332719,1.28543533569475
1.9128486096113944,1.1859607608130311
0.6076336831654005,-3.65042926677408
0.9343184627368845,-2.9774005471981493
-0.8929002818233003,-1.507066865008382
0.10895682283746724,-2.9636732699924644
-0.411877769833233,-2.820849530160765
0.31453252765350237,-3.4289397346777
-0.0761281360971703,-2.8300300542400683
-2.4913583033070776,-2.8306281444889048
-3.4017723695171003,-3.657223830238928
-1.9865917199777223,-2.959298247818295
-3.071010696762281,-4.121378032228838
-3.668500646264809,-3.1736343567121486
-3.587534474453597,-3.050751464044406
-3.4636077667768843,-3.575103891532792
-2.4482649916528274,-3.3815149324107217
-3.0893364561268033,-2.8166203971972403
-3.211333607300222,-3.146267073326572
-3.1122843268154825,-3.3542053311085396
-0.32718343596491345,0.2891023820414741
-0.7071055997410937,-0.7899051389572591
0.4190486657563276,-0.36254837414736085
-1.8342606509689592,-0.2509829527002339
0.28124489609318304,0.27144502087674105
-0.14366722572243434,0.526377721067518
-1.4565724955821366,0.6451107654264864
2.869809058048666,2.5714726223179385
2.5718129767306666,2.674975065013818
0.16054999920886848,-2.848801300208108
1.2723819183182041,-3.36726274316717
0.1693173575573152,0.652136029235143
-0.3791996505678153,0.3188265961756545
-0.48862604662608133,-0.5301464471419964
-0.08997717166507117,1.1663798221149424
0.01416587539272841,-0.14211395389502524
0.2709439049013611,0.5636500345896465
-0.6376321224937244,-1.4248305815765743
0.05025578293776706,0.1813748758024923
-0.1471219827662379,0.35337611537958485
0.8417849321992342,-1.3700753993656047
0.9246127987453899,0.3846585296628305
-0.18014514735152296,-0.2998822013497048
-0.5943738080438189,-0.9677592239021988
0.0736976291413049,0.40299515609080844
0.23516049236263822,0.29884599497365705
-0.4912000202538027,-0.6067091349529872
1.9391425586318842,2.7796066572808833
2.826691101048264,1.2010630557802413
1.827905855971671,1.8107988817178882
2.3370687821650797,1.9750035483075221
2.92094845917694,2.1204340362275786
2.3198727066279825,0.8212735279868889
1.2593399337299214,1.9543349033630697
2.930240903266561,1.9621854880408671
2.2404962836175253,2.249179055407249
2.0817629371747315,0.42840359907726056
0.8309991339164975,2.710816577073627
2.4583348173586907,1.371802122505828
2.111293727330569,1.0974491023016903
2.035044954122568,1.5694552008648914
1.5103094257889262,0.8764824344237756
0.7731675980509711,-4.0146548108583655
-0.10268439650152124,-3.100394719831137
1.2196946353005305,-2.747144834835499
-1.1903640959657766,-3.1088771401627193
-2.8780833801130745,-4.4647613061302485
-2.9222604896237865,-2.3247839840534343
-2.905578619849489,-2.321377525885933
-3.4278754734027648,-2.7229555235727085
-3.6808825239585694,-2.627900704324585
-2.8925686574304845,-2.8012830849198544
-3.727595304321288,-2.7591506867583764
-2.060132979539407,-3.4697577604717544
-2.683632374848311,-3.5412631600749207
-2.4244200829406175,-2.7277997570816304
-3.5824819858883314,-3.7007841219568096
-2.0686694260696887,-1.6983335973113969
-3.6931787055568845,-3.715479401372011
-2.6904725064289545,-2.199677368401753
-2.6146796853057754,-2.4131723650648045
-0.9532269257561041,-2.6614789016625395
-2.613872272637856,-3.3441676017312933
0.26701029109640423,0.7296170057374288
0.5854766959145619,-0.23766015891559877
0.13584489285852408,0.3379297594940202
-0.855129247469508,-0.11518750062689881
2.023079927862917,2.3870863999876013
0.8440426609458913,1.9473804941206194
0.16521696645478673,-3.262849372860138
-0.04482730463458744,-2.846523267084238
-0.8544309593452251,-3.638751281525907
1.090665601260161,-2.8529086995989488
0.617816622262042,-3.8638227433149246
-3.0324173963404424,-4.1968028541660996
-0.9349107836404921,-0.3946754177379462
0.32887526437676345,-0.40935273300762587
0.030867022844119758,1.876611916954721
-1.230079359801629,0.05775200201121617
2.1069746643553273,2.309964231654728
2.7515942113178076,2.164580951372683
1.8834280736978446,1.3238300243166652
2.2700800893197584,0.6931938735896113
1.9743463655997011,1.5682161190519341
2.510013653019537,1.4342306830369906
-0.7822595436545713,-3.4916703897924495
0.07537334301223036,-4.289390930546986
-0.44436865395105263,-3.570426793426564
0.7357678113739297,-3.449934811030443
-0.7741587494686278,-2.485037697086549
-0.2775295668184981,-2.119821453530207
-0.07824121293784068,-2.5436296987284197
-0.16620617011631766,-2.8408384012718333
-1.7034984799170814,-2.8036017449632222
-3.839896211381988,-3.1185775286257664
1.4854900803966262,-0.26286680160098125
0.7689445645209424,0.4153117915370527
0.4038360022257714,0.44924112057094545
0.29364617427933226,0.06623772618642565
-0.3563878741236211,0.013102061353808316
0.34092233916508136,0.6337009540261456
1.7642976475477659,2.3619367449801647
0.2235882387626677,-3.4828450771100625
0.6312558388885311,-2.5296248962755605
0.005214061037169476,0.12584267904394666
1.882790938385402,1.1764586868314977
2.0962424957214,1.409054570109931
1.4971932003741792,1.4449197564392315
2.116373955291783,1.6686907404614684
1.6235130866556533,0.6001767910855209
1.1303875126372311,1.8421248547340023
1.359845513554767,1.686155147898666
1.9007424056660678,1.3445808062626097
2.525702146889111,1.546080937422748
2.8274913384605713,0.5086711452637042
2.0030675320078983,1.313079066364962
2.2209394424388957,1.4807101091855934
3.290124946545226,1.3811656483183543
0.16004914733805414,-2.892617206533222
0.24449259587148847,-2.2864866044704204
1.2022528086782456,-2.6797894200499583
-4.4224742001709485,-3.0067206650518914
-2.636731595982069,-2.3956445784555367
-3.1052425965036323,-3.0471786674575094
-4.326933915566645,-3.274335323601464
-2.670607236669422,-3.2892695875198252
-3.121959367527124,-2.4590712554982486
-2.0146237779439136,-2.400993977663795
-3.2314398784703986,-3.487387697898436
0.12380494421245354,0.9318607502418822
0.2964109594842136,-0.78880287650732
0.5424082659782333,-0.4343231379862353
1.2493855079751826,0.04360102625007735
-0.14521541564258492,0.2626842962519076
0.036250275389441464,0.6872909060865412
-1.504509476483358,-0.4142014241421681
0.7089172829098661,0.2299445479204888
-0.6575128501357342,0.808824798576824
0.4275189786888982,-1.809084479446668
0.1473357745368246,1.2069282196514004
-0.6155727903557175,-0.5080173777330639
0.19466809761975853,-0.4010638130101106
0.958815984640182,-0.15095105279503196
-0.33731799513828603,0.8844092541409984
-0.6461442349828623,-0.04843382662516417
1.1727926924475771,0.2803529242187761
-0.21345243891867735,0.34416250340147475
0.9756638907947378,-0.5857806406863659
0.8920678061682291,-0.26923174886909035
2.5564787169240724,0.6410671833603083
0.24236669869621014,-2.968809450048233
0.19155674082926896,-3.38737578174282
0.6333947668620155,-2.1569888038416245
-0.14671243411248613,-3.080187241996837
0.5932380012972104,-2.642850004271429
-0.06974736031436644,-2.4495530166085127
-2.2663336690948617,-3.1075698269760776
-0.24588949798621487,-0.20424351920920902
2.033986914682613,1.4027966872532467
2.4209005144341345,1.022945232123686
2.4504978694200528,1.832712136955018
0.7563255899652673,-3.062687601570934
-0.5033671378345728,-3.9327150553817187
-2.6804756760614814,-2.924922731499869
-3.9342940027051343,-3.0953376530441443
-2.404356743678621,-3.0651129497580083
-3.040104091606584,-3.6009272155944894
-4.2008134592446185,-2.985152947763338
-3.150272949204451,-3.178687953385096
-2.8414524375625065,-4.550407357849963
-3.4164181593847904,-3.321595725561197
-3.121688159698462,-2.9016733230938856
0.8677938108847365,0.40958318467298627
1.0939215147619585,0.2342743989154121
0.6357945069138818,-0.629240520466917
1.0910145805676332,-0.3277550647750187
-0.43554460367249365,-0.04116091110315413
1.2186466501807796,2.0577633026078757
0.7676100857181984,-3.039189009973564
-0.0671200284871422,-2.4081850346660523
1.0675437627672488,-4.123400039938415
-3.851301137841246,-2.546034888960013
-1.4624855869632145,-2.941928124423503
-0.6111610464250863,0.1241668439293975
-0.44672803593546073,-0.14404862969034102
2.8009382392302613,1.866168497922502
0.769367394436423,1.6841922168064019
0.9004493844966847,-2.2980546299942235
-0.37749903431402804,-2.644834620411896
0.8204963804709813,-3.585907940366619
0.1550823922734282,-2.1178109622559784
0.8701348568839126,-4.23484768421463
0.3154952521132095,-2.829499946546427
-2.303742946784465,-2.781591563543937
0.7575263384564068,-1.0936841810663047
0.5591146139376947,0.2377982099829152
-0.0972566262147927,-0.14770570159926838
-0.19245949708406057,0.42875707530320084
0.7775531855754686,1.5441750377725372
-0.05472269435838895,-0.338410812371169
-0.4112061085480049,-0.517812775865811
0.15343886786206085,-0.18393438937978066
1.9985392081467996,1.0521469994236081
1.3169972493396598,1.4270210266530081
0.9195788435440153,0.7334824262555932
1.6442941711333117,1.6639317452504763
-0.03235775371517221,-3.2585555141885236
-0.07804249720623911,-3.5326350950916887
-0.48451051933383216,-2.58531367083969
0.44795004804317406,-2.5058044160409145
0.5156240498559274,-2.8553349305137345
-0.07334817690090774,-2.9405053380621653
-0.22045288958135195,-2.006498057558524
-1.3371739831936484,-3.6549557425655124
-0.9204341648679247,-2.6988357113300534
-0.1696000804532444,-2.1096969746695278
-0.03563392322089949,-3.021098377546998
0.28137608527596325,-3.9850230909795497
-1.0582588939967568,-0.21828141745836244
-1.1494432851793,-0.7991309549639961
1.3663222138693893,-0.8770493689423401
-0.565130353594721,-0.23719782135137732
0.19636146916773856,0.26928603052160843
0.3639779056057202,-1.3670950094552572
-0.053812465711206466,0.25137018292925445
0.26288824111921255,0.4366483631239636
0.2832179173407785,-0.069108052844563
2.8222774002807047,1.1909373660996165
1.169226700905166,1.3130454497284265
0.9451972243071671,1.6588842235659993
1.5634420229413926,1.7766941939445746
1.2397660591837198,1.2671084155585637
2.943582551442574,2.4564059428795955
2.2280503603975808,2.123498890544421
-0.6129775717205999,-2.1831482614328745
0.5534505558369355,-2.8597050430923696
-0.6831166001534089,-2.4067270441532793
-0.7086494423307084,-3.4677097879206116
0.5531695411589548,-0.21537541550598654
2.6251310246368904,1.8777490144579034
1.5829877810106996,2.202010536035052
1.8147690550689313,1.784167077213667
2.5878135010316425,0.4178599803136205
2.190471560397788,1.7109850380474243
1.2620084051266942,2.4139899050941356
0.3545735761409168,-3.3648418513466685
0.8414573803527853,-3.009600350369924
0.2003088634411652,-4.032837917607542
0.43830212684883785,-3.308983302066407
-3.0207113545381588,-3.9992443378725713
-3.8563726860444447,-2.732681322194556
-0.21574566821419594,0.042235883060961814
0.5144767096297911,-0.2721717640304715
1.4564493197832573,0.5756669796629051
1.3060363161852555,1.034955228768795
1.1476452537096695,1.8036392057808954
-0.7187411265333683,-3.367246270385133
-2.850704964522957,-2.1030926694681247
-2.705946468470288,-3.3891584901931813
0.05841836174814679,-0.04798892357785189
-0.7727275175910577,1.1001026076667493
-0.11698229452199288,0.49742940974811034
0.636831282082599,-0.9206415226339866
-1.5167633637609566,0.6230480498531878
-0.4705677805900387,0.4503335505787316
0.6368444960171076,0.37255201352065204
-0.34189669172516135,-0.09258631311096804
0.4368909981701786,0.558939654022594
1.2672706864147836,0.6668427432518523
1.8963310548014878,0.7055684457859123
2.3594149740047485,2.085489260497014
2.3191364340552085,0.6527485076680936
2.0272889132910716,1.0515278665927543
2.129490661806648,0.8329146743477079
2.6877609750297817,1.5297769129789154
2.2811120761798542,1.936594811800215
1.6446758271464912,2.0961016889039508
1.401720189188522,1.567284655993332
0.36104809990560094,0.8514664893627911
1.6682332526769672,0.4849658266888026
2.2276405078263615,0.7367858015698936
0.6758735987395261,1.777043631830194
1.1098706328286614,2.1581401439805914
2.556842338983836,1.65234345506504
1.7133652934479102,1.722545339547152
-0.4481654871503994,-3.1640479317758015
-0.06148420927215065,-2.767687904700674
0.3124022248848236,-3.2414140133541594
-0.02785130234747391,-1.8305892296187873
1.2252333998160447,-3.5040928766962063
0.12958720234244214,-2.6805059728082354
0.0949169429356425,-2.169486242359673
0.2140554263946981,-2.605720087262768
-2.0011705910445796,-3.1133295589698418
-3.696790116770184,-4.70874632596708
-2.3721380468031654,-2.4661123211485094
-1.0608959102709308,-0.18878740730833576
0.4120989360713219,-0.0323963221586979
0.17818384571411938,0.15473952136741254
1.543292327735268,1.7021654553102474
1.5390242061441164,2.407894344834233
0.2972499609087492,-2.218861742995456
0.8093122760344554,-3.5661136677850105
0.2035554138285047,-3.6652357526535058
-0.8110810256520073,-2.610999600778432
0.1342393860393648,0.2938126816078005
-0.01898135262760033,0.05256123967081729
0.8050946480741067,-0.7190426641330757
-0.7811207595591514,0.8709025689125229
0.0711759265189123,-0.2925483222520996
0.4123396477558963,0.29812789171855386
0.25541847757976116,0.14589561244754698
1.057837664820437,1.9591353158108347
0.2881563348642944,-3.363532976014112
-0.8916921054614706,-2.9366888713156105
-3.5474078338911554,-3.542040082090019
-1.6219105260544715,-3.195395254938996
-3.6181611473009037,-3.424502968246069
-3.824923808910016,-3.4894646790701085
-3.1528436985248947,-3.538684208402956
-2.3805826226373807,-3.7086330498414366
0.5748192228825563,0.285448094675128
0.1357684204121483,-0.6480473359343478
1.6552249733728879,-0.35600334748702367
1.8845456637331377,1.3950621777024241
2.0757117656407646,1.6171475294093192
2.0458998077112276,1.985372169741837
2.1553385004787606,1.6338119591864215
0.8773641375551953,0.6067922622755807
1.9219169771075841,1.2999448144127943
2.0127497003524892,1.817298320477904
1.9510262563606633,1.3506990687086031
2.6974094426448896,2.9184777900158654
1.0602120551320506,1.4838100758422827
-0.6378305164538417,-1.8885507588094563
-3.478543541573799,-2.161935424301968
-3.73906845611807,-2.9856167575225174
-3.563778907068069,-2.902856505214214
-2.5682548490013097,-2.858343314823491
-3.2638682653259203,-2.7500740832982986
-3.5978576995659273,-2.949590815927076
-0.01971535711973476,0.8394437454596899
0.2708185015408074,0.20455414442157888
2.2480615526631365,0.3936333521957236
2.684487504273875,1.3026580247749446
2.286066719127357,-0.43455210954346213
1.5676585321763414,1.0578467151918447
1.7149129023228795,0.9728665177581458
0.7527882449443719,2.7119209518866976
2.538759296307404,1.4323534815087173
3.524794594412053,0.8885885973403258
0.17914836042751,-3.5927830934897305
-0.2828727439663181,-3.4121885133850416
-2.7492591671897495,-3.5984202317910325
-3.1307831275625455,-2.9279707214490194
-3.2633783235845915,-3.0799450750344795
-0.831826317513216,-0.46355431374080747
-0.8167840139620558,-0.8652658347178043
-0.06592020519980361,-0.3694126332458734
-0.9362495662016161,-0.5977983035479011
2.4397494999023537,0.4777590112233494
1.615119162147548,0.7605719571877191
2.527773010177737,-0.1174255213583919
-0.3616380242107158,-3.3796394993769057
0.6241956612277186,-2.260075070362754
0.4301719455847655,-1.7199786885259463
-0.7096156095468481,0.2615482955296037
-0.16862728562010967,-0.18958241011632576
-0.2299155256394187,-0.6307195668333132
0.4517715183007018,0.7391873118386824
0.30452328308097076,-0.27628500771040776
-0.4318565514493518,-0.06630731250828052
-0.3792264880016822,-0.4849999534789332
2.654798747803872,0.9180948437910806
1.1594886346074456,0.09985563510658158
0.09346609383900123,-2.3702875758177635
0.14885975668138526,-1.6264744044946096
-0.9861840796108466,-0.49358864909147265
0.5797169785656963,-0.7323883463082552
0.44615480740146035,-0.1424449257521923
-0.756611979217277,0.2906651189933088
1.449723741419025,0.17406789140134848
1.5120715554267932,1.7181256848472048
1.4862780047226656,2.0600454712127614
2.444092599703267,1.9592496151373204
2.1442248156484744,1.9475279170111346
1.7920367225704015,1.4673776872991553
0.4555820542028551,-2.9732609813390543
-0.2562239336777149,-3.1075746986271366
-0.4879210613658093,-4.0639674939730215
-0.30009133462728876,-2.4545147949119848
0.49686617230734526,-3.7831514529493955
0.4279542327751689,-2.5617865269508395
-3.58631744644138,-1.9758743020446234
-0.7764862419350661,-0.1567552015034651
-0.4704774112571148,0.23815883638251664
-0.04627914616456132,0.619022280683832
-0.31225498925869927,0.9815600241499083
0.05411333510185322,-1.1471116290542567
-1.0645127157765248,-0.04152301234429904
0.24550632886684498,0.6362900113074297
-0.8629128355712046,-0.5922858129598332
0.16654334644464416,-0.6700844835591696
0.22338372524959363,0.026962530582592334
1.471936873794426,1.3969066416139584
2.707791654563514,2.129307404353498
2.5980256985959076,2.3530675460022734
3.0569113383171267,1.0387466713981317
2.8021453398044254,1.2268162211901008
1.7091115932619736,2.138810383307833
2.4781024419374926,1.689620034347271
2.28254387726652,1.5046148630394853
1.0962915039402013,2.507839209833887
0.7124951556651189,2.024478147433863
0.7462357887489923,-3.0678207195368454
0.36839327119863136,-2.9281614996103484
0.6814244855663668,-3.572061751572428
0.18004913392564703,-4.014123065901902
0.4844849407423836,-2.0298232389545054
-3.694161986894593,-1.0615496820101835
-0.5010663254175909,0.3500154658254136
0.2601880836514233,-0.837617927717388
-0.3461309260345482,0.42562791582742876
0.7552341414019053,-0.16600032418501656
-0.5735993231420654,-0.9230127588574422
-0.5021616607233471,1.240706945016631
1.442928461979525,2.3653826695809412
2.3717117021077425,0.060380512333281455
0.3228271181128951,-4.073858874253401
0.020870717888750168,-3.356554020188175
0.4438585395024199,-0.034811694229589185
0.4911417720994247,0.969912140806815
0.10443006621941266,-0.6691620332322864
1.5476591890395524,1.8865514784097321
1.8888871322453353,1.6418452614344765
1.5739861756338855,1.1027957458596387
2.3880416276912118,1.249144073984783
2.5118910813148565,1.9290988341695297
3.5474476303949904,0.8301815169328314
2.1542562379370294,2.125402225998793
2.7277131259474476,0.8672408941575511
0.15395757251222053,-2.440580296249432
0.2571400877678896,-3.5045494593373556
-0.16600226936003082,-3.3920461564351383
-0.7818558783150789,-3.0882578213939533
1.7846667092515565,-3.5375640009108427
0.20337523541652724,-2.6920134282744046
-1.4628626496261798,-2.843279525647309
0.891016013658405,-3.0115839551059125
-0.11297694953107483,-3.8883130250009046
0.6479458487337547,0.07647679675347606
0.02853389543303633,0.20700994176926654
0.1863074270556429,0.23353437528245025
0.07881971002806773,-0.10077361093887842
0.3690300649249278,-1.105240951918481
1.068009150605288,0.012187566507497565
-0.47061158655000496,0.42164780674409214
0.11066999542463024,0.36047946809030473
1.2966927853187986,1.27859703424618
-0.20761095518144088,-3.6982725519975586
-0.17451413931970566,-2.7246568479382924
-0.37507148929241424,-1.9951639823867875
0.17594246092581234,-1.6828048439311496
0.9473557684431912,-3.5708316595978657
-0.04248927809466254,-0.3465227676796174
0.8722949939040556,0.824247028940471
2.070239831178256,1.8024348453773065
0.8901666213646111,-0.39389562725004224
1.1262756095984416,1.5425096323061664
0.3734632498451358,1.4395964787623126
1.4652868369403649,-0.11993409997550475
3.1854883237646012,0.3901481558235702
2.1585239609839983,0.31302303509205376
0.09999603241728881,-3.1056672359833772
0.004777370109747018,-2.206346005087474
0.12285309732823463,-2.7335045772302977
-2.037858252388172,-3.783962166486047
-3.039955157389347,-3.115577383700421
0.5547831357808806,-0.1964669707312171
2.733804758555962,2.5945288332675305
0.8587551229815802,-3.3374162989510197
-0.583085712097805,-1.96451791235209
0.43970750523674657,-3.6398638590303327
-0.6868989545066945,-2.604481571010093
-0.36021307997855734,-0.33068125345387134
-1.1103523483619777,-0.0949258279701588
0.5199719351426974,0.7429601916596801
-0.9535028937190887,-0.10751013276727646
-0.4995729102294965,0.3122876393350164
-0.5803385892897844,0.2983453009650933
0.3057007083697454,0.06730229234681855
-0.03507605829527406,0.8538641863637716
0.5295575755208113,-0.18412654480588717
-0.6960027147225192,-1.3452021701141013
0.040907156238437783,-0.32399168666995865
-0.5292680475082643,-0.9058863565343934
0.3877730649513189,-0.5512911241359827
-0.9247866356089327,-0.5820582646762791
0.6438986591689398,-0.715808828555754
-0.05199170825178285,0.05168996577128472
2.7236755409838365,0.3649299192911706
1.9510239329440284,0.8957967112283189
1.952409980730589,1.2914647765755198
1.3217850120390147,1.282821603981407
-0.5270321561287585,-2.965426877698532
0.08586394285434941,-2.5812829241927653
-3.216173758961554,-1.8343741532215805
-2.4386178604391624,-3.462820848908554
-2.3127517913906335,-2.9905398183888297
-3.61729454736105,-3.090754737694269
-2.709492429671375,-3.5291692221996938
-3.0045255031458935,-4.103358118401614
-3.265551825343121,-3.139115866179156
0.1938832106871025,-0.30439744620668885
1.129487153921369,-0.2793286090008456
0.7297540990135197,0.8506374291483436
-0.3168607776176564,-0.15654350994363272
-0.9204715523702001,-0.7280021329839098
-0.43174281534362297,-0.3831452169331121
-0.3514045865490293,-0.472036640462807
0.2875197591130082,0.07948338410850293
-0.3197192153176198,0.773637600282496
-0.3853577528908241,0.23960395271063098
0.12522622438679784,-0.5261562866548012
-0.17277198014470863,0.4142308417229604
2.4774879244541523,1.9242211833269818
2.731913635066221,1.2066713296680731
2.0544971374978216,2.407925992765262
1.3478278306977938,1.492897600019154
2.582447897747826,1.5042592560070982
2.1444062779327298,1.7119823258499076
1.5470313422142543,0.21335197655489258
1.6094146977530324,1.672603624225959
1.0795005009019678,-2.272293533334378
-1.2064497310986422,-4.0559224977952155
-0.8249031445369677,-3.226603086037512
-2.7949120138939296,-2.5772971418294923
0.3749364363947461,0.39582177632286725
0.4819156256919007,-0.8461029449909943
0.19182896693657264,0.9707392557269253
-0.5328534964656946,0.07177843754676455
2.42649596351525,0.7148601877619796
-0.39301984540117624,-2.6737706615078585
-0.5936745601124389,-3.5476108839477614
-0.172713288109382,-3.5210566447955864
0.3473355477863313,-3.256648023859097
-0.5234817594829021,-2.6572851378227753
0.13333599392575615,-2.9254453330819015
0.0974755965528844,-3.560898915652502
-0.22692523740976034,0.6082879983401024
0.44718662469358095,0.7326261532530379
0.44116430460763967,-0.18788667840836665
0.2655827370987218,-1.0408980406415926
-0.7838569832429589,-1.1965040998556664
0.26116151850269326,-0.4353750463818982
0.3480779950503119,0.04914427979989503
0.4161835247338547,1.1068602153155325
0.4548440656092661,-0.7361190295738218
0.6246740878521704,-0.2593302306447524
-0.013736625787919761,0.07483415134828487
0.7198056891114717,-0.9921086359481713
0.4114809517900574,-0.181914695364133
-0.19104767492239366,0.6016167855281929
-0.8386806359382473,-0.7198898644148654
-0.08733220176269853,0.5733577335555422
0.8358764689935096,1.1796683778726507
0.10859824700585702,0.6531965914440724
0.22038631457559074,-0.285937559866471
0.13357049086197062,0.6343206697266514
-0.0848957475467639,1.1447374829223949
0.11221293070555378,0.5127991364329028
-0.09161481839775514,-0.13028044767371727
-0.589248137061087,-0.8479805414689966
0.807516013650927,-0.6002512149796061
0.24365465521278099,-0.05467904733596576
3.1887729353926293,1.9935687733621013
2.3555779413715965,1.1498705478160463
1.936256371834671,0.9715576815064696
2.7559642020162,1.46827552500035
1.5291164083309319,2.5380139880338435
1.2559546405408928,0.5878543645982522
0.2220085470507277,-2.202845713096773
0.402766868764753,-3.4386381593241264
-3.092387549774883,-2.582806946104176
-3.1092253442598334,-3.8272830089945504
-0.06425913575569932,-0.07615549935025566
0.5136834640150326,0.7090511787191808
0.7372453639234943,-0.20423669119465615
0.5392703382220723,1.1662652802490476
-0.7403075590221679,0.6140177406800627
-0.5267712493059851,0.11470464805635702
0.778686424618303,0.22770160311625534
0.35953291694643075,0.032472793460661044
-0.20767293863619796,0.07283249453224833
1.0437134710914802,-0.2753870468683858
0.024938212159695407,-0.2268156858544668
0.019958702730495957,1.1191946868394425
-0.3005369097703001,-0.3832851432152676
0.24014746552662303,-0.7071422877884436
-0.2869570103126469,-0.8062034645415546
0.16810311566272357,0.4233785899694669
-0.03840000756802094,-0.3300335212147603
-1.4023919775508087,-0.016462263484253024
3.0788160875217496,2.0272503932395614
0.9219433767271223,1.595601711837222
1.430418039148688,1.3646298348541863
2.5557944417736196,1.3173614796803745
1.6868070324017144,1.013679861758256
1.0625341157366501,1.1823512688249846
-0.550797193353574,-2.766105652167968
-0.2241153326619592,-4.120045069555838
-0.33684501058839,-2.8294823801673403
0.32388645655640325,-2.5902914802658117
-0.3128585264609308,-3.4472702137951536
-0.6686091052287951,-3.5491749918550726
-0.7235182379585543,-2.094580547827026
-1.3790228477009079,-4.360106628447843
-2.6865013073407296,-2.5703443987979178
0.1788465491403514,-0.6776116701541459
1.2662677603167176,0.9696749244676872
1.4281921618374933,1.1040411659655551
3.119241183795866,1.560850515575985
2.0987189606294954,2.501591348873803
2.4744409210265674,0.95926265146509
2.313100932127833,0.6460218355529341
2.003596791928206,1.8190773518611014
3.783526044594917,2.6902639351222
0.07456737072072456,-2.6496578429273776
-2.120524419354293,-4.809274683507928
-2.0245169033621213,-2.2316024542908623
1.0466222729328047,-0.8119035292893945
-0.17884056079622762,0.1320259380953994
1.7048365183411747,1.1815902997780827
-0.34425458706508316,-2.8635967397733726
-0.3372746002374972,-3.180485713971955
-1.0751088919148482,-3.4254281207578066
0.13726549429645682,-1.2899319950063324
0.7758493849357639,-2.101673415870836
-0.8488476087892454,-3.013379485800644
0.17591491533283204,-2.135925390745658
-3.1244536161477283,-2.6411764102016644
-3.8015182126270215,-3.380775638037846
-3.0433115746426913,-2.796050659328258
-4.5299810368042674,-2.0628866848547496
-2.9926307482860732,-2.9031728357980113
0.11872770058783452,-0.35603642345680075
-0.06676271446741447,0.10835649913288432
0.20017659549420708,-0.5497595341825464
1.8433838688490027,1.7775147288784163
2.241690640022677,2.513166533494301
0.8162088545900537,-3.843724269302952
-0.12991082182743988,-1.674123742293232
-0.5351170787477398,-2.3425605251920034
0.038852275605148076,-1.537131689660738
-0.07885405818020991,0.042263475495637484
0.8124017603412153,-0.022964270365734507
-1.0012826051265704,-0.14186369486011396
0.8465373197638023,0.1381308708009595
-0.1351054243216451,0.8974670971667917
-0.028688533488182476,1.153893090983599
2.551612039035942,1.256874189579996
2.5128396346265953,1.4490086548622552
1.9380276096452094,1.4790817651558625
1.1472832736085903,2.3037354469344664
1.2221591658789859,1.529832341986217
2.776462862641017,1.8839843548810271
-0.5807685619752758,-2.614189345449359
-0.8875702167391811,-4.071773333566179
-1.0084972449858254,-3.7676299431898963
0.486570518710018,-3.7622628130019646
0.5935133198199927,-2.889898903736642
0.05110747239897903,-2.7591498218191663
-0.6660706130002049,-2.318877577786416
0.5501290985371449,-3.1412809319856985
0.015394681047770848,-2.3564118160608776
-3.0266675612438627,-2.7667263769702592
-3.105857049055485,-2.0960320670828243
-2.7308267094235976,-2.452321811883051
-2.9576656511542954,-3.3744093112353744
-3.7526769163243325,-3.2150473369273147
-2.890496155013435,-2.2969501696493007
-4.142933622659875,-2.6402374712650394
-2.8950752900837418,-3.365407908558053
0.8695315893888268,-0.7858775548199979
0.6175409335505511,0.1368402348128945
-0.20635859957179073,-0.5759317590923582
0.17945741225150622,-0.835331791104244
-0.6097459557531696,0.25170979623766315
-0.18703499020802983,-0.9972796498660605
-0.3047173491006849,-0.5329881374093964
0.5383822179412924,1.0270519327015133
0.11258141829124355,-0.6239254957177331
0.7009001682407165,-0.3121120402803536
-0.8040108494786545,-0.11967127408226012
-0.4397210921406081,-0.20795278279743407
0.09352220441231159,-0.06750573637784846
1.559248089921606,0.45927112315017116
1.3679525685955065,1.1491577967382616
2.30009787015956,0.5613141350300892
1.5195886527560574,1.7241611789890134
0.807461767784527,0.9970568356125864
2.3022648402279753,2.0050880080653437
1.9413391977825025,2.628699918131338
2.52007337999383,1.3335311498057636
0.2950023688246933,-2.654996829874841
-0.5687505947490971,-3.4469183930907463
0.3546702885445866,-2.485611564794688
-0.27877916171983075,-3.136017194284765
0.5736286543809103,-2.278974705686543
-0.2812309865656486,-2.303652025774368
0.3241860693107474,-3.82191849780958
0.32109103919380244,-3.5622719749046388
-0.7174395294644241,-3.6639519807319747
-3.4830069579255953,-2.37667792131752
0.00042807125097483605,-0.005124404017498174
-0.20531713852462308,0.2810949154149485
-0.44449074433286156,-0.981552653436528
0.593826649291537,-0.19876523352229652
1.7866093853219125,2.4436768046082777
1.7278516070129006,1.0135709939157564
1.6529697453352215,1.317218324745225
1.375771964916611,1.4348211954349743
2.0751269601491207,0.8646251103098082
2.3303119871601337,1.3859028116737908
-0.6246300459286169,-2.5143834534227976
0.018154087476631796,-2.7521176227507436
0.14822066476744217,-4.1884722031200825
-1.234508022913378,-3.273012668158812
-1.9065071431519742,-3.511869315410457
0.24417816622624267,0.8613117422998029
0.44889332173180785,1.1094464759451728
-0.38796864955355836,-0.2616737872474645
-0.494290047286754,-0.42416141980566446
-0.41604071891567934,-0.4366977084045048
-0.4935983383390043,-0.6889886579614122
-0.11355033834593906,0.6117732766128753
0.2519802082545693,0.042371175439664836
-0.09230857725703212,-0.8049902158737303
0.5984353120004079,-1.057072558528913
-1.3959826525507273,-0.5227093239994843
-0.487304273218483,-0.25906570295670145
-0.6705060993407218,-0.6191745150246228
1.614548062143363,1.0576012392002228
2.121085530905492,1.3764218450723735
2.7399383252082723,0.4755125754517615
2.283686365336762,2.261196331762118
2.3699789534314535,1.8169679330873942
1.5767332912968446,1.0823792209410419
2.8194939368639833,2.430130933322852
2.3073993853570314,1.451422288068458
0.313327120307003,-1.8499122422972905
-3.3100637431896587,-3.416953026288752
-2.850968202199299,-2.2979697345679533
-2.851329800884878,-2.6241334063822728
-2.1854221868848063,-3.575693582292757
-0.8677892582677539,-1.1150185553810035
-0.7974692749072881,0.4257467267646959
0.597485148358667,0.39262738590738655
0.2772901560441259,-0.8254654284464624
-0.3664949082887864,0.2589782239678469
0.38750930668042743,0.3521190809992585
0.13715555832472898,-0.08703280049779565
-0.8335136426317236,0.6366857029425453
2.3091691134677914,0.9931380601762099
2.7470451089330674,0.5335693063550944
1.8956098743504193,1.623954811724463
1.9543155788795727,0.5599867898154267
1.909080716473117,1.8062829246586787
2.684725299743307,1.9984884194844863
0.009261144539391256,-2.7537307151721637
0.9229028009678665,-3.38084239149319
-1.155756058265681,-3.327517617239204
-0.2686108474703843,-1.428824339271522
0.701315057391139,-0.43251151292502893
-0.28317196146741147,0.35886648686076983
-0.5405640162715487,0.8339177022501769
0.5479118025125685,1.467135833682967
-0.015695348933113435,0.08684001352842163
-0.3933505080728994,0.9078124044286033
-0.5639905603501159,-0.5203213446532876
0.32043940295406304,0.2969831689337095
-0.12066887749276126,0.39004026553219323
-0.5657413091446712,-0.7954300450568543
-0.2587650540547876,-0.9105125957993574
0.26675224021314137,0.8820909384547717
2.0478130771480205,0.586903907868874
2.3899040029309395,2.0650796744631306
1.961086760449848,1.705590954810128
-0.13786914574519996,-3.4818850004331168
1.2599983000898334,-2.787314047885265
-0.9060611754455248,-3.7507037673989396
-0.6132354012320816,-3.6929789101928843
0.21906279758408292,-2.1962423446120023
-3.4505278206529777,-2.775972464653251
-2.479941075965952,-3.305878620441628
-3.4614856848559796,-3.9941671833261267
-2.7074356850176504,-2.9790008651675004
-3.1683191457850195,-3.821315658295095
-3.258027502263609,-2.856596573711851
-3.4475112879553054,-2.418014129184143
-3.670485715709453,-4.263006626513862
0.6434945546162069,-0.031849594487267735
-0.33436687762602113,0.655537056330641
0.5416181225764027,1.0141962294949538
-0.8735276028229426,1.1423491274833864
-0.3775159799493937,-0.2162836237740277
0.41617251268152466,0.39468116290507377
1.8583543843453,2.000745834081389
-0.8074406283364438,-2.224352907536832
0.4038844058353606,-3.4534720439409954
0.2366372223856954,-3.413281566515911
-3.303021098329748,-2.0313206498968848
-3.8714714918424753,-4.20143775014335
-3.575232750967463,-3.5227783850070344
-1.904557128261486,-3.4805478823290112
-2.6622614485854554,-3.013148654383073
-3.898429510231498,-2.9661890210577395
-1.9807885729527361,-2.922099210255535
-3.6342771998179604,-3.8403040671197615
-2.579411379820106,-2.55105567057603
-3.350625245275724,-1.9938180599406552
-2.6460701788309504,-3.260799358563514
-3.415832076367262,-2.6608257168667264
-2.8014283329127494,-4.862110437401795
-4.350737889188826,-1.7858097994580528
-2.9120556704691496,-2.3693426455188407
-0.16785601461459762,-0.24646171850704773
0.04791053951266721,0.13976080303903035
0.784180519732907,-0.0646492773782046
1.7220884287706588,0.4994654850641711
0.2958475692170693,0.42026705536378317
0.4945895012333785,0.5386554016627128
0.4862851247534239,0.6695998608579157
0.6957705754749113,-0.7113236203202794
0.9663729580083154,-0.7577212395774334
0.1647362474157982,0.3901739633057757
-0.6719651014232523,0.18566302884221222
2.903439822229597,2.054162983767936
2.130813000896521,1.3442178798382685
2.706072035783315,0.617582343797657
2.284562056168122,0.8859360663710264
1.6300015300537132,1.529904981226322
0.7120007449627032,-3.1775385108043945
0.9287842614389287,-4.226477655782002
0.6721227196031478,-4.264494283775106
-3.2413093140582867,-3.667397508095385
0.46226056070784527,0.7463937468407266
1.3985030887231322,2.0260487647990444
-0.9909654894920414,-3.930563857752159
-0.6845302746484605,-2.2520968267130805
1.4420957449461829,-2.698643497715533
0.4098789361835916,-3.664631651102874
0.6166101241965616,-2.205042129908132
0.009368556132929086,-2.927454680490404
-0.8702537927092598,-2.9513996572460615
-1.1482656460367453,-4.746276757257579
-1.3246834023310423,-4.5239834878519805
0.12883882472780991,-3.0262373869597283
-1.8901036656099763,-2.6567362707863498
-2.8724827580732235,-2.2989155888565165
-1.6984825159969996,-3.1403397434887306
-2.960054283552018,-2.1111773108414074
-2.914804179099819,-2.7545288360966076
0.1168392715525868,0.443291613936323
-0.14417537382752607,-0.5569115747722878
-0.38227257824121347,-0.6970625630974767
0.1041278482737526,0.19229532023830107
0.3284433697419029,1.1252645192214246
0.02846158788099895,0.9158099005530902
-0.7832871638104533,-0.4561132227059431
0.5892534897787831,-1.0755579322098796
1.2668776693888293,0.45498200017649637
2.491708454459574,1.5661421570648861
2.4055858985694414,1.7878022326690748
3.2559192327787763,1.941630455309036
2.3753053046731343,2.138632406781452
1.6037057007472797,0.8198584136082107
2.4480798310214302,2.074367539607494
0.22146786009889544,-2.15466213905452
1.6832035573830983,-3.4609298492498017
0.583787053291521,-2.0053633173220566
-2.9687474505024576,-2.8424707997232654
-2.1693282969948964,-1.4500577093309384
-3.2048178525588167,-3.9897129863933376
-0.7428600491967036,0.0833233782118363
0.8768712004997639,-0.03412703576015576
1.578981691411688,2.1463841224433713
2.0368564950705017,2.0001986869426913
2.7596024883666876,0.5742571190412414
0.23497806110015257,-2.622270904370226
0.8578357531522515,-1.9882913433893707
0.11821155470656122,-2.285092978152125
-0.6594619803544693,-3.850790053045542
-0.010410918162662878,-3.3904997605507012
-1.0122377546664154,-3.0406193561465384
-0.772864033809255,-3.241451502783373
-2.987636045466045,-2.561293820426136
-3.0341910571003248,-3.285872788177404
-0.595985164966839,0.006970838620268754
0.4652427393625765,0.45341480030300824
0.13472213623598606,0.05120964452934652
-0.7364967796788803,-0.6245967431399847
-0.4201945241218568,0.3911693394816285
-0.19148293068065703,-0.6416966135972063
1.247564173333651,-0.8083701283938977
-0.5434585577863843,0.44272778584675737
1.6530760157091455,2.132907027521726
1.5272425878523885,1.245096021690407
0.2706014443451333,-3.050485307022929
-0.3972588228199822,-2.578967925044418
-3.1040372734383745,-3.664575032346519
-2.6507441478273135,-2.299289042204536
-2.805413774129902,-3.5436771637163287
-2.5066485986095843,-3.1177844607934784
-1.7635971270319757,-3.0906970919460033
-4.234753619149021,-2.909043301013323
-4.393537065433117,-2.8179729997125746
-3.946981977590326,-3.0794074119584978
-0.40253863368764387,-0.40070420397343737
-0.49391348753050746,-0.03974427680002602
-0.859451553658337,-0.3870895615098165
0.7684668132480834,0.7758046580686808
0.07350699737290477,-0.9087206003720304
-1.2110517386666582,-0.24762819912697528
-0.48877394002796726,0.0865497168934971
0.8019544441820411,0.13833733131983297
0.4043535131681117,-1.0713971420439206
0.6283274539320711,1.9161149341995996
1.6218590964767814,1.2084191254625265
2.061143167362071,1.8357915114735657
2.2628896227112163,1.9268244443984917
0.5327921444557159,-2.717504757624763
0.47985328704646074,-2.8100305652730206
-3.416746468640414,-2.8659013226874324
0.10550248415152519,-0.2574063725488992
-0.7527929527814399,0.7157418287965877
1.0451992335576445,0.5508925080156739
-0.0945846297340465,-0.26362607264452714
0.8364073603425168,-1.5617878799472187
0.14258997849834568,0.1617497317310366
-0.564017286160075,0.5770898972054013
-0.14387790524759483,-0.002661862272786758
0.04150842543067698,0.3519436373403739
-0.23276981662868554,-0.3096107598934391
-0.1940855080967389,-1.1245046073337734
0.7335733391107375,-0.4557314717075135
-0.4499385253435054,0.10887532579511713
0.6728294733315626,-0.36535181869335004
-0.4672343072648918,-0.353687137833985
-1.0409199635262452,-0.571728779763633
-0.4466299095357229,-0.8618582172488887
0.033856624143889506,-0.36877196492195335
-1.7782135190202824,-0.5246208710494196
0.4494547935194522,0.527926033522425
-1.2914901259135854,0.502764529562247
-0.5334568520429321,0.14278124156345554
-0.29392718595778167,0.0483410516337953
2.065806460884132,1.3852678815372514
3.161494764142417,0.8032088265383173
2.0309911844295305,1.4814640160721244
2.587615476575496,0.7426808876879325
1.8033506712323952,1.2694426986862577
2.8931867522663546,1.900365544321668
1.5103779470117946,0.9832846610430378
1.9696155728296747,0.6840769380950388
1.7977824939551703,1.3274038593265631
1.5641584325439588,2.7336604945723355
0.9536133988423027,-3.3995952190115473
0.41210668258287864,-2.596969905359256
0.04609796723575641,-2.3047713412658415
-1.1165080641369312,-3.3811086474526824
-4.0670301642510776,-2.4846879654231637
-0.4832254741732599,-0.19606518755057833
-0.09476306526130389,-0.04957382897945961
0.8295936423764334,0.323784381576216
-0.6040421986220146,0.552730837679698
-0.4997767417790602,0.35851296676885036
0.14752000076578153,0.6635147998110574
-0.9691551073155331,0.35724394852496694
-0.12980425132273565,1.2530037848703446
0.23967038128655818,0.33769303270884876
-0.3577090651855213,0.13148301138366475
0.9932736149720581,0.1157923600927272
-0.1695308294395489,0.5635430038011202
-0.708386014358732,1.0173514083709982
0.6895759202741478,-0.8338835708340281
0.6080411372539221,1.0036123161502748
2.670727864677356,0.9069038309763946
-0.3944210158151482,-2.2983554978510714
-2.038377538703603,-3.3903150310793055
-3.4341852256975436,-3.1081287907926063
-0.17063771346431986,0.3895378446814384
-0.07316654210710678,-0.5453041967636743
1.1086147832312987,1.256768362081084
-0.0019168782551228592,-0.5675173955157441
1.9727951595033386,0.7374180518921326
1.502901185681203,1.6818043126987332
1.8862603832311025,2.0609438020334
0.16375609002717859,-2.569615566693784
-3.2540133290594313,-2.8723689528050644
-3.33218644160835,-2.8083992911105495
0.2771631069272162,0.04468706091619881
-1.1014689400063358,1.5184763266266157
0.3127376803757474,1.1478195557621504
0.3402597359658077,0.45338952982166403
0.20576436330186787,-0.8081632935722197
0.911379602799387,-0.08395078807767205
1.9866523469236055,1.8224855365362767
0.336010181124938,-4.390682278141069
-0.8145564026335609,-2.959861700904803
-0.060918584284577,-2.8709888552322695
-0.6460071045662354,-3.1038508013005504
0.19210993444936025,-1.0500420279687452
1.9541495764370433,2.542988917505072
2.751588156185709,1.8559104150330825
1.8552222888761885,2.0687288899893645
0.8197613392446235,1.5162081651841945
2.3001112703522124,1.9566109717766658
-0.9298853948190524,-1.869125636992003
0.007331957931107635,-3.84049039551502
0.3909718446501166,-0.014788693082831757
-0.3688740471728629,-0.4924074798699706
0.36996114520038176,0.613538527225381
0.8519575223016799,1.5763272542939435
0.7310024620378526,-0.8296624043512186
0.40326302464264574,0.78544627177047
-0.9949824053710296,0.3179649021368142
0.5890728085514905,-0.5239005660378646
-0.04082964660835934,-0.2076208144013493
-0.5393820102627656,-0.23652596874416634
-0.4612777345626683,0.3589342785473316
-0.3076839724357139,-0.42902178835019456
0.975774555754331,-0.14631698210225258
2.071346127432203,2.0099994974884714
2.2675796148005958,1.9056554840172075
2.1483252344407378,0.6306870707588195
1.5945698396412689,1.9666101362283346
1.7686968506214287,1.9725813587772467
1.8602907033642788,2.386669600344907
1.572333311710019,0.9550355780930745
-0.46616933993596993,-3.4742106434221136
0.22422851004976546,-3.096966609805312
-2.8512087137074222,-3.6689776764980357
0.09259224146419966,-0.044702444379940885
0.38619436553234293,-1.1355166734038804
0.45657746385021153,-0.09579402190595765
1.0689777940649683,0.9783736255835156
0.06617917301127359,0.7489887870238088
0.12886597360660207,-0.1558712750230111
-0.4578183772204828,0.2732969977191363
-1.212909733539399,0.6335502232635292
0.5228011019399156,-0.07007510059232432
-0.3042253297023824,-0.32263527149016213
1.1289424388901055,-0.5982547527875107
-0.7558648059708084,-0.5640797045335516
0.3674595060037727,0.26198536415112034
0.6092633726734071,-0.5372213962428797
1.5502815732606525,2.474169806563959
2.8461980553130486,1.4055100516429702
1.1439158426044833,1.661330021758309
2.337770252578256,1.0558351852524348
1.7204570705399185,1.4837476579471216
2.0891536143698266,1.949710211872582
1.3634939541151396,1.560716844635253
2.0620973939861194,1.776075515042687
-0.8270745427942823,-2.864365184335334
0.7342059892358179,-3.408457239806344
0.4160996504236507,-3.9448352344486355
0.021970703517053894,-3.0715404814430625
-1.138656561472547,-3.191329797513064
0.3640844126588231,0.12290414139561773
0.49052892155532185,-0.37020238456178095
-0.2919223192867623,-0.3424591947662887
0.4860784072863476,0.16633853142730204
0.6127575572757737,-0.4184234927070593
-1.066644776325824,0.8208076715855844
-0.3404809391189702,-0.18138615362321892
1.2095040316137253,1.5849660617044006
1.7343955974540544,1.6514804246511448
2.642774325764385,0.9223946962753906
2.901277148908725,1.6157958802275354
0.4676005151258757,-2.2653469660567493
-3.4763145786775564,-2.4081647649627196
-4.034313378973863,-2.7531397998482783
0.7827581935767217,0.26183424371429975
-0.08565309099220085,0.33566865542278274
0.017206644960386406,0.4021309427662491
0.7596593380222896,0.7377545782732995
1.0954771668414918,-0.554849396755011
0.0490482545335618,-0.9742879565817264
0.2039129521801223,-0.8332737851858406
-1.382093391128775,1.075225711774872
-0.0029783720147721635,0.605367998344806
-0.7951756634733248,-1.2208675140476901
2.5052674052443775,1.2259406275795766
2.2062190053137036,1.4891317403679727
1.498145913120856,0.1768250613028568
2.4884637044506617,2.157785532673316
1.644141921400191,0.35717435610975135
-0.28716368335924713,-3.4536468262488293
-0.25291708904115057,-2.738649232728624
0.851762169195002,-2.5920547936196807
0.8170984883297403,-3.763423522190679
0.49887687577480133,-2.4839173807865818
-0.7593933321215913,-4.174547678098466
-0.05418820467197063,-3.1105851929517265
-0.03170136855758536,-3.32027141629069
-0.8500605454728984,-3.7089407470260864
-0.2165163150627194,-2.605994342742242
0.09218461455931055,-2.4074363373176526
0.5399868801257732,-3.3136614570434295
-4.574084451089065,-3.363689142475091
-3.268213531701019,-1.7650780598258367
-0.37768547788528406,-1.4367127407927887
1.6234437604946461,0.36223923193679153
2.919577879765815,2.7428354353898357
2.394076185642564,1.2311283479329307
1.670013096680617,2.487633318055491
0.7213503137403912,0.7868698239720642
0.10632271984978542,-3.359257575699752
0.127883550685905,-3.238084223268349
-0.5870107665894303,-3.6460644009991774
-2.964878161027691,-4.824973888507786
-2.6552955935610654,-2.079436308240013
-2.8002525056262506,-2.3555668722622185
-2.280964648962977,-3.7179148476876
-3.9527242357218864,-2.3365557731097786
-3.6439224069317415,-1.8690591627678368
-3.260598129520012,-3.0113863296296186
0.7007362643848465,0.367774949163907
0.485098984153353,-0.19273608965574096
0.35223553424146736,0.2529530918322283
-0.5526563794912073,0.0326869680991456
0.45362715657647923,-0.20438089698430204
0.4097196250272895,-0.1493410901166234
1.5256037641110471,1.649197423952376
0.8186283507247738,1.189240074516296
1.8645819025997317,1.7620389037932738
2.0271842028953873,1.7579197197229535
2.5962927426250433,1.944989731618934
2.663240143763005,1.0982965377445935
2.586800574331782,1.565044859942721
3.1067191214912446,1.75708729235772
2.1868205118070625,0.9719388696107361
1.7624763472932063,0.9665525281293783
2.2397748725746616,2.1780201931881478
1.9030600526469827,1.857266580441368
2.6137322941508065,1.3552551211968926
1.8203352838957385,2.847832461228088
0.7726904126650201,-3.615872295542545
0.8883463684009446,-3.785051081262974
-4.201740739984357,-1.09622434563673
-3.3103130383288994,-2.425046976157765
-2.5773014064808657,-3.2783330746963424
-3.398612956989163,-2.890275040276486
-2.879687059759646,-3.0562177613937105
-1.8456808580284596,-3.108738127927974
-2.3940400566867233,-3.5854385030862037
-3.399289077344559,-2.310055288401742
-1.3429371723876444,-2.829346351756735
-2.6751958190529948,-3.3728195198302706
-3.355928946984134,-3.0330619830219288
-2.0749131400975305,-2.846519670443593
-2.8516291026350116,-2.957725971154999
-3.43969291782712,-3.555944472656217
-2.1936017671038095,-2.665648072326954
-0.46635254362885786,-0.16779495046717
0.6542845919231962,-0.22593791817318212
0.3248845477077203,-0.46143279449653857
1.0236870053842853,-0.3820366976650855
0.00603801391174287,0.5874141729581159
-0.8695673398341619,-0.6421773959847779
-0.02263570229335845,-0.2906525663560985
0.17641399108940772,-0.27529754603675066
0.21067856558865025,-0.5561148081583033
1.6590827834722124,1.735702272523888
0.7979956461669273,2.3593124449981318
1.8016376190447458,0.27580619825394725
2.7298365108038,1.542712782616732
1.787882345967681,1.1902509070457699
2.5575612655026623,2.0380146100316034
1.8542912476266271,1.7541848588986642
2.5544469719933867,2.360512394321279
0.7788734543404396,2.0186320909827993
-0.2525767831757064,1.9942149329486998
2.223742217000819,1.6072538479150218
2.7016013938069934,3.112262661291497
2.0477141183480105,1.6166200339791001
1.2934527474835567,1.179917194367726
0.20214704525544078,-3.3145507543898143
-0.744066697822933,-3.22372302984636
-0.37476550392164093,-3.43746670731685
-0.7333541464060893,-2.5524511722054695
-0.5722257777456132,-2.8194519951508172
0.9861419965859481,-2.1329080591036984
0.8144282616064366,-2.7825866196718865
0.7628185078851119,1.4419791742612222
1.5563348341493344,0.7597076043947045
2.0846103123239144,1.8058517033002968
-0.3300383515216031,-3.705983672903609
-1.2438991327017268,-2.3353529869021714
-0.07913477249784376,-4.114488940237566
-0.8406925934434227,-3.0176133661109423
-0.9057609592157915,-2.357178143120182
-1.341586463728104,-3.305271224838002
-0.7099095105561104,-2.97957553624857
-2.871937713595691,-3.825464337558019
0.860327867961331,0.010176013482445479
0.7266966328154277,1.2968879683249595
-0.6891845301421864,-0.019971725553611014
-0.07548241488662523,0.45041187441771713
1.215236576686787,0.34757735286683994
0.031125261602177705,0.49353253953806814
1.034598512572021,-0.6454655138212105
0.5778137166587186,-0.2572157912333722
2.5707524679050078,0.8854010221968095
1.272892106347478,1.9742742980579244
1.528670872504557,0.16063218606451946
1.3124080431536158,1.9308135101551602
2.1947446442914655,1.0434900168858636
-1.3530944901102233,-3.499852121914388
-2.0291789168866243,-2.687565901141407
-3.4067245210161494,-2.93613966296478
-2.324281879155094,-1.6892918567946194
-4.440879668354134,-3.506156996615103
-3.3623649287417288,-2.1967174441649484
-3.52988463704496,-2.2217508553581786
-4.078379309647213,-3.149620687028938
0.9303755367918071,-1.004228928825154
-0.44663724393018256,-0.5650827339649084
0.4887220847181096,0.41237305927307577
1.6793323682476187,1.5974490429368404
2.9461800409516767,0.9199511380623902
1.3718924336129192,1.7550111258523464
1.2368019182023986,1.5187368830038517
2.2049723265608376,0.9600826444012239
-0.46503518869747396,-2.3077669891924435
0.35939044099508627,-4.779011479301467
0.37970669886856984,-3.1697737347121135
0.3191362990790799,-3.3559404789713208
-2.0350410591622694,-2.5096359824247925
-3.76834006831285,-2.8992147706920792
-3.630241116524445,-3.213697645260216
-2.2218269762255716,-3.649211352590449
-3.0294350052185024,-2.6589504283883367
-3.57033364658066,-2.8440581474795223
-2.702499828337631,-2.3338646463821986
-1.8485581926852983,-2.2318330561499256
-2.5496761611398786,-1.8961845077560098
-3.699554324581568,-2.4745898586711377
-2.6728779972911876,-3.204650401907786
-3.30396643415756,-2.6618650588419985
-1.957527857597068,-4.296461177837308
-2.8324335896344275,-2.8817289168631874
-2.897730959738891,-1.9681974646916984
0.3812496410172038,-0.42346986734958597
-0.1272246149286456,-0.19185247174934192
-0.5791194848933551,-0.23901429990847767
1.806963806111173,1.455012655455378
1.7318711068567518,0.6791546094763267
1.6181476685452256,0.9155990870784424
1.8479629478421167,3.3392738634731858
1.3260990985368792,1.3430156666671706
2.4801358596471013,1.1789703858988454
2.5163720417900173,1.443132669019017
1.6341238826372253,2.103973944084215
1.8811518674126702,0.8960379772365668
3.120708078368265,1.3933442650468977
1.4703227454595775,1.4134943372313664
0.19881587282478652,-3.2583792390388777
0.0018793280348783407,-2.896205186665496
-0.511714704099709,-2.8564609063973303
-0.05454272214258957,-2.187877949954442
0.15528523854604795,-2.560525231794036
-0.0927969442902077,-4.202827244191486
0.5902435138275489,-2.576398096436616
0.8839706429827006,-3.658473544471909
1.0745786079091961,-1.9773700451469096
-0.7632669363197587,-3.2354707446885795
0.5371406102231604,-3.73439761850965
-0.5072961443599551,-0.04653316098726309
0.41992282532777814,-1.1974304317764173
-0.7762027459828839,-0.4920713292530604
2.20980556201058,0.7203226615261984
2.1334120663809064,1.6412182236121404
3.144083116702796,2.0637051248561944
2.5726598662901283,0.6462469472983612
3.079501873882282,2.633096699196256
1.7854096826576873,0.6923240153312474
1.3140423732525175,-2.9046168231570966
-0.11014562319920256,-0.5254834451392889
0.3391335813546898,-0.18719254559774964
-0.11269032064500244,0.07046586142099412
-0.3110204233479045,-0.2681127535252072
-0.21265677703003505,-0.12835380685135084
-0.053318498065185536,0.338983924001691
0.12648660375139933,0.40862910970023675
-0.39086204576049255,0.6114512505935342
-0.5695104155785664,0.2937625019067416
-1.298782035312872,0.21510268492998547
0.019397780637984457,-0.9407085876761778
1.5010859094456273,-0.40103658812261755
-1.0230929748843545,-0.6562800422300917
0.02790655690673622,-1.0973332292224416
-0.2473922792928244,0.38150180246475446
0.24983678463031125,-0.06901129048341022
-0.6660288770675953,0.8294649109872995
0.1177872498518314,-0.013891097292193465
-0.17540770115816187,0.2713912005868082
0.6653226532895584,0.24834913039042145
-0.34886656449781434,0.908175398651627
0.22486765032311953,-0.150993107109516
1.9285240362460845,1.9844528830087695
2.7763407787396797,2.131004214369667
1.8428689648904208,2.1054874650942086
0.7662463189629231,-2.4970927861990897
0.7790716775358604,-4.66120981472816
-0.5004219195632159,-2.2268475119297646
-2.48056240594596,-2.859626383757054
-2.426672469123902,-2.946835672176921
-2.942528226270244,-3.230151566510636
-1.958040482121892,-2.398086256154462
0.5938212296876306,-0.4560209688898806
-0.5584256516951993,0.1483962327107222
0.16147920300784882,0.782266226251762
2.3182543865871135,1.3607141647808676
2.1936529320569793,1.061633293714214
0.7947155598656348,1.6487269875996644
0.9187060257046853,-2.819810849491892
0.06060290552759448,-4.191774987053716
0.1993280964902495,-2.6009473601798643
0.803525285569389,0.5574391308408815
-0.9960850552528768,-0.40035063755813727
-0.8744614622006749,-0.7327382273269905
1.6114562766126665,1.6489182123056059
0.06405869435955949,-3.1852718994901243
0.8690445956615054,-2.8013821949716764
-3.6215840606654166,-3.7554133975841535
-2.8928933424848857,-2.189290306825688
-3.118294666449305,-3.2950908791592104
-3.475737696500264,-2.4724615059578725
-2.613140002308295,-2.108563003450254
-1.7451247233077876,-2.7445868966070637
-2.7311537733556737,-3.102282795356901
-3.0986080417757647,-3.5310658091419644
-2.7949048440093343,-2.4096756401963844
-2.566696864034114,-3.8518605317218007
-4.213711406770128,-2.599733099392295
-2.8076530569254534,-3.043328212231355
-4.275300282397845,-2.7783637379359476
-2.747283460329384,-3.2717255154142473
-2.779135502170164,-2.7499636390331457
-2.692452761960296,-3.3977160879670714
0.7171262151296582,-1.0207943194885538
-0.4205819739848405,0.6361588870333514
0.12035974806603307,-1.1808632701016706
-0.016083282279661,-0.026619648260973284
0.3755179962842909,0.15869292897863457
-0.33129103484723316,-0.07588188323862512
0.9893517894911437,0.8047535910687756
-0.8093006812537756,0.5752613603015646
0.3404622289126811,-0.9264016467639267
1.588706634373832,1.3350158077548244
-1.030898584509735,-3.4292933967256474
-1.3271469650961143,-1.9363235890201738
-0.5331356894807099,-3.3391201650445272
-0.4846456025417107,-2.6515955042804586
0.5907602638547947,-2.6030662340581094
1.238913207308233,-2.465094768771597
-3.124352268270872,-2.262324101190702
-0.6662803170867829,0.5206820580395786
-0.4615086088214412,1.220083644156048
0.6655522795215203,0.3146312490701336
-0.057149583189574533,-1.5438663805943138
0.062755832171511,0.6267098318581135
-0.09977251779933985,-0.8555502051645079
2.507788272767603,1.8502907030729427
0.6887932885349016,-2.8778345076164635
0.9343008150689541,-2.842986047424021
-1.788385077392769,-2.568136127677535
-3.1598249738799877,-3.6602420295494187
-3.00775870793861,-3.6550045481368705
-2.296581571506599,-3.6131292531849395
-0.17050619969695882,0.10506801243950593
-0.2609585047899217,-1.4483557710812787
2.4400061102506965,1.9423362109461297
1.36176595174509,1.6954979728100423
1.8542027573136695,1.7203404035703904
1.4346928511222643,2.554822267568201
-0.7524953830614716,-2.6195798605041634
0.5370570330261903,-3.467168453717988
0.3378785237201972,-3.311837504939622
-0.25260520141874393,-3.669228241787829
-2.34931569787409,-2.773614140933775
-3.672054306565195,-3.143821169481627
-2.5428296886653308,-2.482240000572789
-2.9954088070288414,-2.908996326160584
-0.3682549730234806,-1.2918366887079782
-0.11324267848984775,-0.9448929313251216
0.7278196689093055,-0.5639529396361206
-0.28999170503724037,-0.5448935235215902
-0.13455579500695136,0.5580761058680289
0.5409845364151036,-0.13052138311454656
-0.9939186390795844,0.2702460297990726
0.048754441822063406,0.6502190407025004
0.10015905994275733,0.29836845093540093
1.5240160221116115,1.7546263987866746
-0.3764778361604787,-1.802664741724761
-0.38913533286007723,0.4000895052600708
-0.25429306053870915,0.1732979897370612
-0.3109937358596461,0.2846294912805938
-0.46320591972526814,-0.05838462194351991
0.404711605593012,-0.8768725335787421
-0.6896586963028705,-0.9104060390448018
2.9006982689385223,2.126934431032817
2.555144929334427,1.3292216502332095
3.1457610954408777,2.806662695660677
0.23852445834240824,-3.3739359547015346
0.4737276002022288,-2.95214790802672
0.3127594764590002,-3.0071125272860493
-0.04908548032157114,-2.749906499971673
0.5583572918480887,-4.6984718655002835
-0.26198566103801624,-2.753817149629835
0.17828370303284669,-2.9149644083594106
0.5028735702932663,-1.8044716708387698
0.18662331603458507,-2.687296015776961
-0.45113584076072155,-3.4832116385087275
0.49262395191397357,-2.782470677348652
-2.576318065935691,-3.1767603530104784
-3.310388696536321,-2.7459826825293288
-0.9747483817352152,0.3536023146405624
-0.25413025542605766,-1.5661864078595296
0.1174569107494769,1.4887159725108043
1.6990725777861737,1.5057271655893203
1.6484169123699384,2.518645466935737
1.5440561962043002,2.3996787983859855
2.4115670245602567,0.738316862337662
1.5267577499455576,1.1944980391189635
2.2529977865444266,1.7637642240278972
1.4063272106727385,1.3856927679209956
2.2246660352209178,1.1526400999672073
1.744907284011069,1.1079568104589121
-0.6005870183447699,-3.632754179861959
0.9294014634330029,-2.9767973174563513
-1.1155559261321084,-2.484796041732634
-1.056722719043781,-2.881881096954955
0.25661249270925107,-3.387592162729409
0.6540319011949292,-3.634540982548843
0.38724230324667464,-3.5699120929008563
-0.4531826313245742,-2.444745844743647
0.5827118735604171,-4.905947800020142
0.3176466003739142,-2.568623699500183
1.0639062343541998,-3.470406968413441
-0.04296973941253483,-4.193695301933755
-2.9602179042491703,-3.4682213751655837
-1.2509732118300534,-3.4191845076321483
-0.09365525383896796,0.12741341590270006
0.6016640851643776,0.2685373316468987
0.1827098602891853,0.14696459069566511
-0.67148437011083,0.77670909860946
2.437771131645306,1.032209230905111
0.7669502530590668,2.0595415300107875
1.4009823492722437,2.7589004119733844
2.1402176182482506,1.6063127947638862
-0.33257040968030577,-1.9782929547720023
-3.3387787518085936,-2.865854454182339
-0.2913369998071941,0.25977932879552135
-0.4677862451249812,0.19003652504122026
-0.8214794081480215,0.16127916308100357
-0.12956819341935932,-0.1862660014624568
-0.25654905414076756,-0.3600230329296729
-0.3743644929413557,0.2034654307650964
-0.6190836465656488,-0.5685797523478385
-0.3391016152446592,0.625347399378671
0.20736038465117115,0.7643616779661302
0.07795344192525806,0.7603109779623638
-0.24168188798152207,-0.18307062215725878
2.06599654728495,0.6142702850998446
2.026299503581002,1.6256317737404453
-0.28532654076757047,-3.320557946224303
0.8046324524095203,-2.7691793033461876
0.6340296761894605,-2.7005013171872645
1.064922244507938,-1.7959083362174173
-2.559200868100724,-3.221659912498732
0.7642228290233659,-0.24988196361206264
0.3195606013245105,-0.8745538257239496
0.5234231164807769,-1.1239379189819187
1.7349402900427149,1.0068898657014684
1.3953585699056603,1.0469463641581251
1.822232289950671,1.227359243446142
0.19400145571832828,-2.8478346351980104
0.6371667878656936,-3.1345873337948498
-0.46251220489617034,-3.677589408440184
-0.6352552295406465,-2.3803186314254656
0.46769644721472337,-2.998848290292219
-0.529374383714226,-3.1369680927936288
-0.3898777838820917,-2.178861145703669
0.4716525782402598,-2.34772082461441
0.238666037364414,-2.892126642695793
-0.1483060635040146,-2.575873969301693
-0.3135724816556186,-2.739848872468093
0.02866372411153501,-3.210632750862969
0.18100415186075317,-2.9663542627262927
-2.783996650397521,-3.37030748303153
0.8106027082524634,-0.13299232290376478
-0.7468576009153229,0.4534405426029062
0.2976657427687797,-0.7861155881508227
0.07434188413409139,0.015144069978828596
2.2520666943974885,0.7761348483496187
-0.1534006055576587,-1.9728286716379841
-2.8803448882092764,-3.440416469229397
0.5903401451176237,-0.8801516737523871
1.7155841722368526,1.3431006538420758
0.5570059608435474,1.1720139123092779
-1.060227733309686,-2.290843379133661
0.18032679152791142,-3.6178261204270568
0.05029940480817105,-3.172537820570616
0.06230789844184485,-3.155713723167786
-0.2310637031525141,-2.6046574732248664
0.8359513177921054,-3.196826972849058
-2.90939073470408,-4.048253326527707
-2.357269877445241,-1.9914978390803146
0.09622879283935444,-0.21343340844512895
0.01631870440515448,0.18782627196789342
0.11619393874186326,-0.8913332499697809
0.6986375736933604,1.8801095130210057
0.02303945849712647,0.8498610791806877
-0.9989956744740655,0.45003441832853086
0.36695208965713416,-0.1288166398757412
-0.3283301459049687,-0.0869976014110239
-0.7585345852444498,-0.1431559577873848
-0.07658095712626951,0.3557915275106915
0.7986763306995054,-0.19979559205912578
-0.7117073109452533,-0.2681256052367431
0.25214097259431606,0.07534178917915577
-0.30166214602953384,0.4176801009896378
0.40089592130677343,-0.4572327652353513
-0.6394440610249695,1.3895624068240984
-0.2958953967068008,-0.05314298172409482
3.0924814300773225,0.871365960694975
1.096463233861995,2.6476157810837524
2.3570684913364053,1.647873457394971
2.0434759288378936,1.7654405902369439
2.2516136759161225,1.4112700742077011
0.6647548696379968,-3.443257279094992
0.4484693895239713,-3.6120989339446807
-0.6053972490605315,-2.1776011289378556
0.4492721474132866,-3.375727285861842
-0.0524481830731168,-2.6114382251410007
0.9812498975310922,-2.8062359897702445
-0.6941649805572041,-3.2180025080991186
0.10467227467472384,-3.5893027445057237
-3.2633573534250817,-2.995748305594236
-2.805747382780208,-3.186524579012143
-1.668156897138419,-2.6579996970574933
0.3594567943001334,-0.3612186947741761
-0.39759968719124283,0.3115118557573818
1.0051833409215158,-0.8674592361827536
0.8994732910820391,-0.7390095022666636
0.37517596007057163,0.026925762006993727
-0.4372857509729126,0.5304383531928915
-0.6186744816565842,0.6419662173345151
1.8704355094879779,2.3293871794907
2.3817535069510454,1.984554541493212
3.9629937540494042,1.898979823972714
-0.4231004665038357,-3.985315320982333
-0.9902513372899107,-3.3884027214879566
-0.7884471257562627,-2.9261930221098473
-3.1329367258999734,-3.314896390578425
-2.9542664250024857,-2.8360210512993693
-3.4321051004920426,-3.141226056900461
-0.37781660921221805,1.028149855910447
0.1528848684212985,-0.3108567883002695
2.4259396794559205,1.8694368778215402
-0.6468536499239596,-2.636386055763284
0.40438916395797275,-2.0907530708653694
-0.5605494113987703,-3.23433733570394
-0.1961529304638032,-3.6701194033041813
0.815170429369762,-2.4701038153778896
-0.43532304201047695,-3.807323448589584
0.07851495662847315,-2.394971272714744
0.1400765933266608,-2.240659335788796
1.2025441930286196,-2.8671622001021424
0.3599077886436044,-2.809010132699593
0.11965794653953508,-2.4904235467259834
0.7728530423499838,-2.1174823457664176
0.09643276015794473,-3.5827649445664536
-0.36844770285317135,-2.5226984749497503
-0.19659342499044763,-2.635457994569165
0.26888539997622024,-2.7422464375603273
0.8873070890525713,-2.424568451041718
0.19235783888065797,-3.186148524282004
-0.34122167665113656,-3.6363123479476767
-0.5049325405470512,-3.0989446000870884
-4.0578494350834005,-3.3665508167754514
-3.1889651829094214,-2.827007986909434
-2.9071230146893865,-2.659391476482803
-3.3174514078690622,-3.2322032410953367
-3.38071617015731,-4.07334402899239
-2.1005263676024835,-2.1677405573195414
-3.532689005691109,-3.6163600667515152
-2.8904227565999143,-2.508578641197117
-3.121006757527594,-1.891349205536511
-3.1577492131125515,-3.8858917037022342
-1.9963080781563636,-3.0975870474829827
-3.6738026795279,-1.8307925384124086
-0.5645360732620636,-0.3076822539082148
-0.9756102064330527,-0.546303063251479
0.7830791834934033,0.39442076016358474
-0.47673395368695787,0.8899211247080939
0.5941073051679636,0.8494056048267233
0.022644553956225028,0.445548982085763
0.7200592225122905,-0.39288741700714
2.534640345609738,1.4300595165475294
2.6936763198583513,1.320489561681251
-0.7776817690082796,-3.417436333277457
-0.0757713002952513,-1.5126409439067001
0.11779681009341263,-3.33156196771752
-0.8515405733594179,-2.802724226691103
-0.03246689244015866,-2.9322503472842323
-0.6325344239690159,-2.3050801023448906
0.2681520422215839,-2.1030586212953444
0.8341591792688151,-2.8473116763503175
-0.5965297347174676,-2.6501623882505854
-2.8711490286653447,-2.747652833579711
-0.6321540247839976,-0.18304061747885242
0.18733539146561817,-0.12699058180822734
1.5227373259188661,0.24353353423512844
-0.29450864305299923,0.513778409633054
0.30984454674785983,-0.9001846819206961
0.8755288095248428,0.17452469984930102
2.243105403058749,1.7159188355114374
-0.20543448125280317,-2.646030683281525
-0.021549090462671554,-3.0125840978875438
-3.2461485089860287,-1.6600839114832682
-2.287307928676653,-4.073051779862393
0.5401827523348934,-0.3756169072726564
-0.12453150532521566,0.5359330843503299
2.254945221302042,1.5972373730010607
2.1661114216068382,1.830373059095534
2.494907006643857,1.9747353125573506
1.9920121275459224,1.082823390235129
-0.5415255714543409,-3.0945462304405025
-1.3594255050205868,-3.009380687157663
0.3580065840819327,-2.5077341881102106
-0.8016086284141323,-3.2528438934259896
0.2783362304131755,-3.4212820770855217
-3.0159457936742973,-3.6809770326023026
0.7468615495115976,-0.7187229083729578
0.6874816817709007,-0.04780703811635458
-0.7870767962616623,0.6686012571806206
1.3078213202452758,1.7745712234789794
2.588665248103738,1.6889809408867267
1.2388813226944477,0.7265974486800258
2.6113529570433136,1.4515002096903542
-0.5333514932656761,-3.6155699617092596
0.009546465915117312,-1.9844112481152265
0.08971714010145516,-3.4172161419280487
1.57625126448929,-2.871147559318242
-0.9190006954907768,-3.1553384796695796
-0.377564203158539,-3.21766409868312
0.8741198609040544,-3.7295257741166252
0.7411133185511235,-1.9853659836916797
-0.04106330690146318,-1.7587527387429198
-0.4261049378701754,-3.525201134031722
-3.4867721175437456,-3.177692404138753
-3.947051377349879,-2.754445147862698
-3.056796898844795,-2.3930881122965593
-0.09733903017638801,-1.0419883986096607
-0.6132832811092083,0.01834357575033579
-0.12856533676261883,-0.1264237887643417
0.07888634245895025,-0.427981197987054
0.4386564349806613,-0.7881570488257893
-0.6216941925460119,-0.18201128343935616
1.7454570410751673,0.791652078450531
2.6024003342973967,1.5232285095757656
-0.042438536533787895,-2.1818861548489377
-2.79198727753575,-1.4693842892169968
0.5483479743434776,-0.41315351334983713
2.0804226663507452,1.4796191717787213
2.5420598638141083,1.2391891253040792
-0.021188209830651627,-2.0980627377738825
-0.4976516812343315,-2.250113476202518
-0.19711573028026813,-3.1525162078452547
0.3222034755125385,-2.854563011027883
0.10516060803790546,-3.8064021304262923
-3.8744170689919577,-3.0017110193984453
-2.7677588017969685,-2.8429151880341132
1.079424219738915,0.2176406410259602
-0.2901185324749425,-0.2963326417623729
-0.9124115472691029,0.6840758750440057
0.31671756429158177,0.5552221942824789
0.12799165862842443,0.04784826905449547
0.4983496584618186,-0.8167048011817188
-0.6694294282804027,0.5279235527723075
1.655861990393053,0.1253195223430477
-0.14926754749428,0.41722862975097963
2.3378108211134925,2.3082367100611774
1.1048594251924952,1.2470105895338972
2.3341311795338946,0.8040995743020318
1.8033170456593242,2.1269715138228062
1.6339422342622487,1.9658402751086648
2.1366979652401237,1.959316452166319
1.296552001955825,1.8136347563559838
1.649159125206154,1.4817602165885506
0.9152346166173312,-2.335591565668678
-0.16988768209620925,-2.687620722081025
0.31252910860550664,-3.5951533829220494
-0.19837039323467132,-3.566346621313085
-0.24465577076202122,-3.0142419372611533
-2.9578954957978927,-2.0909788240336216
-2.76721022841291,-1.0142734091105214
-4.460535028497042,-2.7176865365641127
-3.738511024108314,-3.7924037372110018
-4.007549162867962,-2.9529447287984136
-1.8614368739552085,-2.2523818373742746
-3.0824086700096105,-2.05809163629347
-0.8985109417727392,0.16530104000496643
0.1828970727207823,0.647534636873178
-1.077162619227035,0.7157683794247782
-0.24378340262752693,0.21038604422617405
-0.05984039787275574,-0.6420061670986231
-0.6167803164970745,-0.7372562219322352
0.4403157541954487,0.08588880827303028
-0.764103806027318,-1.593373469240504
-0.21373519273919533,0.19432488081664412
-0.03605844083520165,0.045685132323461684
-0.10307734926259722,0.3283260003834373
1.9592457681643283,1.5354215162678047
-0.7070895219048391,-2.1418063842356814
-0.22072577839550364,-3.028867926393805
-0.6360543079712947,-3.0239095117411243
-0.5230110603717848,-2.860553332859728
0.043047684684040466,-3.081230624424481
0.14296607050198193,-3.293071401777066
0.14162971184523523,-0.604880105095833
-0.04386714732224275,1.2299870671837305
-0.9440037939987052,-0.14645926069404108
-0.051329103600744774,0.9174678266141681
1.050725956091895,-0.37529749862610695
0.7660686839321652,-0.991096012712121
-0.7695436238672597,0.37928474105989807
-0.4052221379916873,0.3722122003877187
0.35744029221753115,1.0107331580710568
-0.2782244142205221,0.8347754434622758
0.643216948321653,0.7593734429026523
0.6449867260088811,1.158320368980873
2.578453740537471,1.2508916339932197
0.372223349153953,-3.7974875020284427
-0.3151099186100641,-2.459977640428186
-0.056547098644261246,-2.573171888230448
-1.7022489100393563,-3.328011376902678
0.9637623881297722,-4.017233252699962
-2.899090865931596,-2.731862026797585
-0.10616421909184487,-0.35512554646180994
1.5662208677630947,1.7960938873644963
2.0275312446214704,2.132666243150215
0.9003894261480856,0.45302916449237074
2.888490304739288,2.707402596377409
2.0447034910114112,0.7945658991321235
2.1991679150452237,1.1093105371227379
2.3132672728542314,2.588234452718659
3.6474703369327406,1.1150780544073529
2.0681063383529805,0.7860956409698315
-0.21139496858497717,-3.4604485773500175
0.6569506884017899,-2.7510748228629125
-0.5186824306230111,-3.7044859212641845
-0.24975489659573638,-3.6136611075833613
-2.9959615601006435,-3.1728132171303414
-3.406101787846583,-2.3807735144517017
-2.709262530114277,-2.9236121960441785
0.9801642230055772,-0.8207613735572752
-0.16330069190586433,0.23910741565384913
-0.31915857066144726,-0.34611288429367487
-0.3711218886271145,0.4528457242350792
-0.10290728803327072,0.8803733104938283
-0.582523682462027,-0.04031263534045086
0.50285505255646,0.08162676516305976
0.45218664917589546,-0.043606993157579876
-0.2020720888846883,-0.48566448099656895
0.38981254008417465,-0.4140906419972459
0.568559035743778,-0.8421609485181437
-0.34813449959626186,0.9971755668359845
2.109621521273815,1.5387303369488026
2.2365460086343107,2.0372395388776776
1.876321575512023,1.8787461555769642
2.0501139034696947,2.837125185199767
2.933093262175991,0.7158127798496209
2.503408779318953,1.5708350593668357
2.162918087002581,2.7967247941164373
2.5609647089636076,1.5757434736087035
2.2110103423168272,1.2136972713438
2.1393278097358075,2.8265172913006613
2.191151051843466,2.219777172701071
2.7739118607899718,0.8774870502731089
0.5888427198076144,-3.757051076434572
-4.3430731922574735,-3.477103224138355
-2.7832012520537868,-3.217438905565537
-3.2987169984603426,-2.7082848716389893
-2.5982149212815484,-2.3825609836624935
-3.131320123041556,-4.077135863640488
-3.8831423064250696,-2.4856270775557845
0.655490006050158,0.8024882641153056
1.4717898548263064,0.6977465420638556
2.0803504845712646,1.8064894993013567
1.9731708197360047,2.1337344033206107
-1.0058253031005988,-3.8748292921673393
0.33666291648546415,-3.9146560719575993
-0.2549290987518238,-2.233927815660431
0.7448487695593199,0.5023031289385563
-0.2844684303268549,0.8647423126549788
-0.6828199661132431,-0.6118658315987517
-0.10391313772681839,-0.7691938635959894
1.4046573751101255,0.8420362413573431
1.8924438043581704,1.3044644056690105
-0.3071438124537264,-3.031202418473499
-0.0045347984826713235,-3.253778031821408
0.11898138591424347,-2.2971744054113894
-0.6853116707061979,-3.5782233355432895
0.5525495990166361,-2.844154809981526
0.5400817379822478,-3.8490820500661753
-0.5247716277520057,-3.638617174188684
-0.42182004445247184,-3.4484495646640263
-0.9534047198048534,-3.5000267903628006
-3.7627965189513723,-2.775138541832716
-2.7123155809909654,-4.061602674941779
-2.626632247084039,-1.7732245433508476
-4.103581836980119,-2.8241651719398293
-2.903343045146742,-3.446691555215169
-2.364416126564779,-1.4236959596109093
-2.6044945929878,-2.697334233850447
-2.9816643699725955,-3.0806466513542716
-4.531245611453257,-2.7021634381868327
-0.4411339045441832,0.10301535010335143
-0.6696709861827483,-0.780417969892722
-0.6463030133857607,0.06296719778544613
-0.2248932810961996,-0.1926114291045459
-0.08552075841399201,-0.7751300151721279
0.38356687058825506,0.9908659745579222
-1.5681725098571397,0.6071561389680984
-0.7112790088490711,-0.16248997853297553
0.09765123140607641,-0.2956535437676912
1.8533115391202257,1.2891957976218198
0.9309887773278183,0.8493680765089188
0.5310950875228659,0.8322735218830315
2.3102785405351005,2.6801876406836618
2.6458466127733544,1.9601757579463595
0.13085611902653463,-2.0456319201197566
-0.20624192319969828,-3.05895338023281
-0.850305880581592,-1.8074290722428592
-0.13992107297183026,-3.323708316303215
0.04243709057323348,0.24732764621241815
-0.7444467970051342,-0.44289653610271723
-0.9472625579338255,0.2613220431808323
-1.1910083473428994,-0.7802458665282916
0.3303786413865203,0.7822654886229705
-1.5356620348850296,-1.1384769632056404
-0.8813265156773469,0.9147097658437654
2.24582035906611,1.875205391857888
2.056002162434058,1.7270291550372645
1.246560068226411,1.7594821710369577
1.7259682313459637,0.9793370848652181
2.1167110444583144,1.2316933424941077
1.7869014140187678,1.0189134210936126
1.3704572282860172,1.028017776568733
3.055372321783392,1.1894782200594998
0.72766642071651,-3.0325521948022867
0.30556376851033723,-2.190327659517507
-1.1779556728289422,-0.07319262792884726
3.1146825460163994,2.253988051785734
-0.7195747485420172,-2.0208551854653365
-0.00267567659037084,-3.1723849900496526
0.36961248197635405,-1.1853357132340083
-3.060951295717863,-3.1952115658650415
-2.5092677466350404,-4.156916645492171
-3.0821061625271193,-2.8722599417342196
-2.5858619732273773,-3.2864477295420134
0.286114935340966,-0.2613241469626377
3.151179638935312,1.1944961832531078
2.416945860965713,1.1154190520479481
1.659112377596867,0.6223665335838975
0.7175709893585747,1.9691209553637476
2.1625906605406096,1.3150005151130162
0.5023128475874493,-3.8161794192378076
-0.21070395249601034,-2.2805258358275866
0.928342887721161,-1.4998588098637247
1.2959059538908813,-1.9699917020461526
0.9571603464867812,-2.301238605643839
-1.6159479131870853,-3.5842015360174013
